,subjectkey
0,The NDAR Global Unique Identifier (GUID) for research subject
1,NDARGG709HGZ
2,NDARRZ704DP4
3,NDARUJ137KE4
4,NDARYH387EGQ
5,NDARPZ237UGK
6,NDARZW830BZE
7,NDARLH952ZKD
8,NDARCN383ZEE
9,NDARYW083NND
10,NDARFM222HXY
11,NDARLJ588EHU
12,NDARFM222HXY
13,NDARCN383ZEE
14,NDARYA676JV9
15,NDARZD808LTT
16,NDARRU135DMK
17,NDARXR217LZZ
18,NDARYG036GBN
19,NDARMX650BXM
20,NDAREF649BRY
21,NDARDG739BLL
22,NDARCL911EHL
23,NDARHX274AFB
24,NDARLP516LTZ
25,NDARNN644JFG
26,NDARJL520JRP
27,NDARNX466MBV
28,NDARHB924LDB
29,NDARXM623KAN
30,NDARZH274HDN
31,NDARJL648JUB
32,NDARBR928GEZ
33,NDARPF945MVK
34,NDARCG172LAZ
35,NDARWK598NLQ
36,NDARKM093NG9
37,NDARLR023KXP
38,NDARJZ532XBW
39,NDARZF795VVH
40,NDARDE014WHN
41,NDARWY289JJE
42,NDARNE165HXY
43,NDARYP577GMR
44,NDARKC401JFT
45,NDARGK059JYB
46,NDARGX417DLL
47,NDARXA674XUX
48,NDARZD575DDN
49,NDARYW083NND
50,NDARFM222HXY
51,NDARCN383ZEE
52,NDARPC160VGU
53,NDARDP357XH9
54,NDARFM222HXY
55,NDARCN383ZEE
56,NDARLJ588EHU
57,NDARLR023KXP
58,NDARCN383ZEE
